"Glen Saint Mary", 1
"Macclenny", 1
"Olustee", 1
"Sanderson", 1
"Fountain", 2
"Lynn Haven", 2
"Mexico Beach", 2
"Panama City", 2
"Panama City Beach", 2
"Youngstown", 2
"Brooker", 3
"Graham", 3
"Hampton", 3
"Lawtey", 3
"Starke", 3
"Cape Canaveral", 4
"Cocoa", 4
"Cocoa Beach", 4
"Grant", 4
"Indialantic", 4
"Malabar", 4
"Melbourne", 4
"Melbourne Beach", 4
"Merritt Island", 4
"Mims", 4
"Palm Bay", 4
"Rockledge", 4
"Satellite Beach", 4
"Scottsmoor", 4
"Sebastian", 4
"Sharpes", 4
"Titusville", 4
"Coconut Creek", 5
"Dania", 5
"Deerfield Beach", 5
"Fort Lauderdale", 5
"Hallandale", 5
"Hollywood", 5
"Margate", 5
"Pembroke Pines", 5
"Pompano Beach", 5
"Altha", 6
"Blountstown", 6
"Clarksville", 6
"Wewahitchka", 6
"El Jobean", 7
"Englewood", 7
"Placida", 7
"Port Charlotte", 7
"Punta Gorda", 7
"Rotonda West", 7
"Beverly Hills", 8
"Crystal River", 8
"Dunnellon", 8
"Floral City", 8
"Hernando", 8
"Holder", 8
"Homosassa", 8
"Homosassa Springs", 8
"Inverness", 8
"Lecanto", 8
"Doctors Inlet", 9
"Fleming Island", 9
"Green Cove Springs", 9
"Keystone Heights", 9
"Lake Geneva", 9
"Middleburg", 9
"Orange Park", 9
"Penney Farms", 9
"Chokoloskee",10
"Copeland",10
"Everglades City",10
"Goodland",10
"Immokalee",10
"Marco Island",10
"Naples",10
"Fort White",11
"Lake City",11
"Lulu",11
"Arcadia",12
"Fort Ogden",12
"Nocatee",12
"Cross City",13
"Horseshoe Beach",13
"Old Town",13
"Suwannee",13
"Atlantic Beach",14
"Jacksonville",14
"Jacksonville Beach",14
"Neptune Beach",14
"Cantonment",15
"Century",15
"Mc David",15
"Molino",15
"Pensacola",15
"Bunnell",16
"Flagler Beach",16
"Palm Coast",16
"Apalachicola",17
"Carrabelle",17
"Eastpoint",17
"Lanark Village",17
"Chattahoochee",18
"Greensboro",18
"Gretna",18
"Havana",18
"Midway",18
"Quincy",18
"Bell",19
"Trenton",19
"Moore Haven",20
"Palmdale",20
"Port Saint Joe",21
"Wewahitchka",21
"Jasper",22
"Jennings",22
"White Springs",22
"Bowling Green",23
"Ona",23
"Wauchula",23
"Zolfo Springs",23
"Clewiston",24
"Felda",24
"Labelle",24
"Brooksville",25
"Istachatta",25
"Nobleton",25
"Spring Hill",25
"Avon Park",26
"Lake Placid",26
"Lorida",26
"Sebring",26
"Venus",26
"Apollo Beach",27
"Balm",27
"Brandon",27
"Dover",27
"Durant",27
"Gibsonton",27
"Lithia",27
"Lutz",27
"Mango",27
"Odessa",27
"Plant City",27
"Riverview",27
"Ruskin",27
"Seffner",27
"Sun City",27
"Sun City Center",27
"Sydney",27
"Tampa",27
"Thonotosassa",27
"Valrico",27
"Wimauma",27
"Bonifay",28
"Noma",28
"Ponce De Leon",28
"Westville",28
"Fellsmere",29
"Roseland",29
"Sebastian",29
"Vero Beach",29
"Wabasso",29
"Alford",30
"Bascom",30
"Campbellton",30
"Cottondale",30
"Cypress",30
"Graceville",30
"Grand Ridge",30
"Greenwood",30
"Malone",30
"Marianna",30
"Sneads",30
"Lamont",31
"Lloyd",31
"Monticello",31
"Wacissa",31
"Day",32
"Mayo",32
"Altoona",33
"Astatula",33
"Astor",33
"Clermont",33
"Eustis",33
"Ferndale",33
"Fruitland Park",33
"Grand Island",33
"Groveland",33
"Howey In The Hills",33
"Lady Lake",33
"Leesburg",33
"Mascotte",33
"Minneola",33
"Montverde",33
"Mount Dora",33
"Okahumpka",33
"Paisley",33
"Sorrento",33
"Tavares",33
"Umatilla",33
"Yalaha",33
"Alva",34
"Boca Grande",34
"Bokeelia",34
"Bonita Springs",34
"Cape Coral",34
"Captiva",34
"Estero",34
"Fort Myers",34
"Fort Myers Beach",34
"Lehigh Acres",34
"North Fort Myers",34
"Pineland",34
"Saint James City",34
"Sanibel",34
"Tallahassee",35
"Woodville",35
"Bronson",36
"Cedar Key",36
"Chiefland",36
"Gulf Hammock",36
"Inglis",36
"Morriston",36
"Otter Creek",36
"Williston",36
"Yankeetown",36
"Bristol",37
"Hosford",37
"Sumatra",37
"Telogia",37
"Greenville",38
"Lee",38
"Madison",38
"Pinetta",38
"Anna Maria",39
"Bradenton",39
"Bradenton Beach",39
"Cortez",39
"Ellenton",39
"Holmes Beach",39
"Longboat Key",39
"Myakka City",39
"Oneco",39
"Palmetto",39
"Parrish",39
"Sarasota",39
"Tallevast",39
"Terra Ceia",39
"Anthony",40
"Belleview",40
"Candler",40
"Citra",40
"Dunnellon",40
"Eastlake Weir",40
"Fairfield",40
"Fort Mc Coy",40
"Lowell",40
"Mc Intosh",40
"Ocala",40
"Ocklawaha",40
"Orange Lake",40
"Orange Springs",40
"Reddick",40
"Silver Springs",40
"Sparr",40
"Summerfield",40
"Weirsdale",40
"Hobe Sound",41
"Indiantown",41
"Jensen Beach",41
"Palm City",41
"Port Salerno",41
"Stuart",41
"Hialeah",42
"Homestead",42
"Key Biscayne",42
"Miami",42
"Miami Beach",42
"Miami Gardens",42
"North Miami Beach",42
"Ochopee",42
"Opa Locka",42
"Big Pine Key",43
"Islamorada",43
"Key Colony Beach",43
"Key Largo",43
"Key West",43
"Long Key",43
"Marathon",43
"Marathon Shores",43
"Summerland Key",43
"Tavernier",43
"Bryceville",44
"Callahan",44
"Fernandina Beach",44
"Hilliard",44
"Yulee",44
"Baker",45
"Crestview",45
"Destin",45
"Fort Walton Beach",45
"Holt",45
"Hurlburt Field",45
"Laurel Hill",45
"Mary Esther",45
"Milligan",45
"Niceville",45
"Shalimar",45
"Valparaiso",45
"Okeechobee",46
"Apopka",47
"Christmas",47
"Clarcona",47
"Gotha",47
"Killarney",47
"Maitland",47
"Oakland",47
"Ocoee",47
"Orlando",47
"Plymouth",47
"Tangerine",47
"Windermere",47
"Winter Garden",47
"Winter Park",47
"Zellwood",47
"Intercession City",48
"Kenansville",48
"Kissimmee",48
"Saint Cloud",48
"Belle Glade",49
"Boca Raton",49
"Boynton Beach",49
"Canal Point",49
"Delray Beach",49
"Greenacres",49
"Jupiter",49
"Lake Harbor",49
"Lake Worth",49
"Loxahatchee",49
"North Palm Beach",49
"Pahokee",49
"Palm Beach",49
"Palm Beach Gardens",49
"South Bay",49
"Wellington",49
"West Palm Beach",49
"Aripeka",50
"Crystal Springs",50
"Dade City",50
"Holiday",50
"Hudson",50
"Lacoochee",50
"Land O Lakes",50
"New Port Richey",50
"Port Richey",50
"Saint Leo",50
"San Antonio",50
"Spring Hill",50
"Trilby",50
"Wesley Chapel",50
"Zephyrhills",50
"Bay Pines",51
"Belleair Beach",51
"Clearwater",51
"Clearwater Beach",51
"Crystal Beach",51
"Dunedin",51
"Indian Rocks Beach",51
"Largo",51
"Oldsmar",51
"Ozona",51
"Palm Harbor",51
"Pinellas Park",51
"Safety Harbor",51
"Saint Petersburg",51
"Seminole",51
"Tarpon Springs",51
"Alturas",52
"Auburndale",52
"Babson Park",52
"Bartow",52
"Bradley",52
"Davenport",52
"Dundee",52
"Eagle Lake",52
"Eaton Park",52
"Fort Meade",52
"Frostproof",52
"Haines City",52
"Highland City",52
"Homeland",52
"Indian Lake Estates",52
"Kathleen",52
"Kissimmee",52
"Lake Alfred",52
"Lake Hamilton",52
"Lake Wales",52
"Lakeland",52
"Lakeshore",52
"Loughman",52
"Mulberry",52
"Nalcrest",52
"Nichols",52
"Polk City",52
"River Ranch",52
"Waverly",52
"Winter Haven",52
"Bostwick",53
"Crescent City",53
"East Palatka",53
"Edgar",53
"Florahome",53
"Georgetown",53
"Grandin",53
"Hollister",53
"Interlachen",53
"Lake Como",53
"Melrose",53
"Palatka",53
"Pomona Park",53
"Putnam Hall",53
"San Mateo",53
"Satsuma",53
"Welaka",53
"Bagdad",54
"Gulf Breeze",54
"Jay",54
"Milton",54
"Navarre",54
"Englewood",55
"Laurel",55
"Nokomis",55
"North Port",55
"Osprey",55
"Sarasota",55
"Venice",55
"Altamonte Springs",56
"Casselberry",56
"Geneva",56
"Goldenrod",56
"Lake Mary",56
"Lake Monroe",56
"Longwood",56
"Oviedo",56
"Sanford",56
"Winter Springs",56
"Elkton",57
"Hastings",57
"Ponte Vedra",57
"Ponte Vedra Beach",57
"Saint Augustine",57
"Saint Johns",57
"Fort Pierce",58
"Port Saint Lucie",58
"Bushnell",59
"Center Hill",59
"Coleman",59
"Lake Panasoffkee",59
"Oxford",59
"Sumterville",59
"The Villages",59
"Webster",59
"Wildwood",59
"Branford",60
"Live Oak",60
"Mc Alpin",60
"O Brien",60
"Wellborn",60
"Perry",61
"Salem",61
"Shady Grove",61
"Steinhatchee",61
"Lake Butler",62
"Raiford",62
"Worthington Springs",62
"Barberville",63
"Cassadaga",63
"Daytona Beach",63
"De Leon Springs",63
"Debary",63
"Deland",63
"Deltona",63
"Edgewater",63
"Glenwood",63
"Lake Helen",63
"New Smyrna Beach",63
"Oak Hill",63
"Orange City",63
"Ormond Beach",63
"Osteen",63
"Pierson",63
"Port Orange",63
"Seville",63
"Crawfordville",64
"Panacea",64
"Saint Marks",64
"Sopchoppy",64
"Argyle",65
"Defuniak Springs",65
"Freeport",65
"Miramar Beach",65
"Mossy Head",65
"Paxton",65
"Rosemary Beach",65
"Santa Rosa Beach",65
"Caryville",66
"Chipley",66
"Ebro",66
"Vernon",66
"Wausau",66